{
  "keyboard_name": "Dichotomy",
  "url": "",
  "maintainer": "qmk",
  "layouts": {
    "LAYOUT": {
      "layout": [{"label":"k00", "x":0, "y":0.5}, {"label":"k01", "x":1, "y":0.5}, {"label":"k02", "x":2, "y":0.25}, {"label":"k03", "x":3, "y":0}, {"label":"k04", "x":4, "y":0.5}, {"label":"k05", "x":5, "y":0.5}, {"label":"k06", "x":7, "y":0.5}, {"label":"k07", "x":8, "y":0.5}, {"label":"k08", "x":9, "y":0}, {"label":"k09", "x":10, "y":0.25}, {"label":"k0A", "x":11, "y":0.5}, {"label":"k0B", "x":12, "y":0.5}, {"label":"k10", "x":0, "y":1.5}, {"label":"k11", "x":1, "y":1.5}, {"label":"k12", "x":2, "y":1.25}, {"label":"k13", "x":3, "y":1}, {"label":"k14", "x":4, "y":1.5}, {"label":"k15", "x":5, "y":1.5}, {"label":"k16", "x":7, "y":1.5}, {"label":"k17", "x":8, "y":1.5}, {"label":"k18", "x":9, "y":1}, {"label":"k19", "x":10, "y":1.25}, {"label":"k1A", "x":11, "y":1.5}, {"label":"k1B", "x":12, "y":1.5}, {"label":"k20", "x":0, "y":2.5}, {"label":"k21", "x":1, "y":2.5}, {"label":"k22", "x":2, "y":2.25}, {"label":"k23", "x":3, "y":2}, {"label":"k24", "x":4, "y":2.5}, {"label":"k25", "x":5, "y":2.5}, {"label":"k26", "x":7, "y":2.5}, {"label":"k27", "x":8, "y":2.5}, {"label":"k28", "x":9, "y":2}, {"label":"k29", "x":10, "y":2.25}, {"label":"k2A", "x":11, "y":2.5}, {"label":"k2B", "x":12, "y":2.5}, {"label":"k33", "x":3, "y":4}, {"label":"k34", "x":4, "y":4}, {"label":"k35", "x":5, "y":4}, {"label":"k36", "x":7, "y":4}, {"label":"k37", "x":8, "y":4}, {"label":"k38", "x":9, "y":4}, {"label":"k42", "x":2, "y":5}, {"label":"k43", "x":3, "y":5}, {"label":"k44", "x":4, "y":5}, {"label":"k45", "x":5, "y":5}, {"label":"k46", "x":7, "y":5}, {"label":"k47", "x":8, "y":5}, {"label":"k48", "x":9, "y":5}, {"label":"k49", "x":10, "y":5}]
    }
  }
}
