{
  "keyboard_name": "ErgoTravel",
  "identifier": "0x1256",
  "url": "https://github.com/jpconstantineau/ErgoTravel",
  "maintainer": "qmk",
  "bootloader": "caterina",
  "processor": "atmega32u4",
  "layouts": {
    "LAYOUT": {
      "layout": [{"label":"L00", "x":0, "y":0.375}, {"label":"L01", "x":1, "y":0.25}, {"label":"L02", "x":2, "y":0.125}, {"label":"L03", "x":3, "y":0}, {"label":"L04", "x":4, "y":0.125}, {"label":"L05", "x":5, "y":0.25}, {"label":"L06", "x":6, "y":0.5}, {"label":"R00", "x":9, "y":0.5}, {"label":"R01", "x":10, "y":0.25}, {"label":"R02", "x":11, "y":0.125}, {"label":"R03", "x":12, "y":0}, {"label":"R04", "x":13, "y":0.125}, {"label":"R05", "x":14, "y":0.25}, {"label":"R06", "x":15, "y":0.375}, {"label":"L10", "x":0, "y":1.375}, {"label":"L11", "x":1, "y":1.25}, {"label":"L12", "x":2, "y":1.125}, {"label":"L13", "x":3, "y":1}, {"label":"L14", "x":4, "y":1.125}, {"label":"L15", "x":5, "y":1.25}, {"label":"L16", "x":6, "y":1.5}, {"label":"R10", "x":9, "y":1.5}, {"label":"R11", "x":10, "y":1.25}, {"label":"R12", "x":11, "y":1.125}, {"label":"R13", "x":12, "y":1}, {"label":"R14", "x":13, "y":1.125}, {"label":"R15", "x":14, "y":1.25}, {"label":"R16", "x":15, "y":1.375}, {"label":"L20", "x":0, "y":2.375}, {"label":"L21", "x":1, "y":2.25}, {"label":"L22", "x":2, "y":2.125}, {"label":"L23", "x":3, "y":2}, {"label":"L24", "x":4, "y":2.125}, {"label":"L25", "x":5, "y":2.25}, {"label":"L26", "x":6.5, "y":3}, {"label":"R20", "x":8.5, "y":3}, {"label":"R21", "x":10, "y":2.25}, {"label":"R22", "x":11, "y":2.125}, {"label":"R23", "x":12, "y":2}, {"label":"R24", "x":13, "y":2.125}, {"label":"R25", "x":14, "y":2.25}, {"label":"R26", "x":15, "y":2.375}, {"label":"L30", "x":0, "y":3.375}, {"label":"L31", "x":1, "y":3.25}, {"label":"L32", "x":2, "y":3.125}, {"label":"L33", "x":3, "y":3}, {"label":"L34", "x":5.5, "y":4}, {"label":"L35", "x":6.5, "y":4}, {"label":"R30", "x":8.5, "y":4}, {"label":"R31", "x":9.5, "y":4}, {"label":"R32", "x":12, "y":3}, {"label":"R33", "x":13, "y":3.125}, {"label":"R34", "x":14, "y":3.25}, {"label":"R35", "x":15, "y":3.375}]
    }
  }
}
