{
    "keyboard_name": "yosino58 rev. 1", 
    "url": "https://github.com/sakurachari/yosino58", 
    "maintainer": "sakuranbo0046", 
    "layouts": {
        "LAYOUT": {
            "layout": [
                {"x":0, "y":1}, {"x":1, "y":1}, {"x":2, "y":0.25}, {"x":3, "y":0}, {"x":4, "y":0.25}, {"x":5, "y":0.5}, {"x":10.75, "y":0.5}, {"x":11.75, "y":0.25}, {"x":12.75, "y":0}, {"x":13.75, "y":0.25}, {"x":14.75, "y":1}, {"x":15.75, "y":1},
                {"x":0, "y":2}, {"x":1, "y":2}, {"x":2, "y":1.25}, {"x":3, "y":1}, {"x":4, "y":1.25}, {"x":5, "y":1.5}, {"x":10.75, "y":1.5}, {"x":11.75, "y":1.25}, {"x":12.75, "y":1}, {"x":13.75, "y":1.25}, {"x":14.75, "y":2}, {"x":15.75, "y":2},
                {"x":0, "y":3}, {"x":1, "y":3}, {"x":2, "y":2.25}, {"x":3, "y":2}, {"x":4, "y":2.25}, {"x":5, "y":2.5}, {"x":10.75, "y":2.5}, {"x":11.75, "y":2.25}, {"x":12.75, "y":2}, {"x":13.75, "y":2.25}, {"x":14.75, "y":3}, {"x":15.75, "y":3},
                {"x":0, "y":4}, {"x":1, "y":4}, {"x":2, "y":3.25}, {"x":3, "y":3}, {"x":4, "y":3.25}, {"x":5, "y":3.5}, {"x":6.5, "y":4.25}, {"x":7.5, "y":4.25, "h":2}, {"x":8.5, "y":4.25, "h":2}, {"x":9.5, "y":4.25}, {"x":10.75, "y":3.5}, {"x":11.75, "y":3.25}, {"x":12.75, "y":3}, {"x":13.75, "y":3.25}, {"x":14.75, "y":4}, {"x":15.75, "y":4},
                {"x":3.75, "y":4.25}, {"x":4.75, "y":4.5}, {"x":6.5, "y":5.25}, {"x":9.5, "y":5.25}, {"x":11, "y":4.5}, {"x":12, "y":4.25}
            ]
        }
    }
}
