{
    "keyboard_name": "TMO50",
    "url": "",
    "maintainer": "funderburker",
    "layouts": {
        "LAYOUT_all": {
            "layout": [{"label":"", "x":0, "y":0}, {"label":"", "x":1.25, "y":0}, {"label":"", "x":2.25, "y":0}, {"label":"", "x":3.25, "y":0}, {"label":"", "x":4.25, "y":0}, {"label":"", "x":5.25, "y":0}, {"label":"", "x":6.25, "y":0}, {"label":"", "x":7.25, "y":0}, {"label":"", "x":8.25, "y":0}, {"label":"", "x":9.25, "y":0}, {"label":"", "x":10.25, "y":0}, {"label":"", "x":11.25, "y":0}, {"label":"", "x":12.25, "y":0}, {"label":"", "x":13.25, "y":0}, {"label":"", "x":14.25, "y":0}, {"x":0, "y":1}, {"label":"Ctrl", "x":1.25, "y":1, "w":1.25}, {"label":"", "x":2.5, "y":1}, {"label":"", "x":3.5, "y":1}, {"label":"", "x":4.5, "y":1}, {"label":"", "x":5.5, "y":1}, {"label":"", "x":6.5, "y":1}, {"label":"", "x":7.5, "y":1}, {"label":"", "x":8.5, "y":1}, {"label":"", "x":9.5, "y":1}, {"label":"", "x":10.5, "y":1}, {"label":"", "x":11.5, "y":1}, {"label":"", "x":12.5, "y":1}, {"label":"Enter", "x":13.5, "y":1, "w":1.75}, {"x":0, "y":2}, {"label":"Shift", "x":1.25, "y":2, "w":1.75}, {"label":"", "x":3, "y":2}, {"label":"", "x":4, "y":2}, {"label":"", "x":5, "y":2}, {"label":"", "x":6, "y":2}, {"label":"b", "x":7, "y":2}, {"label":"", "x":8, "y":2}, {"label":"m", "x":9, "y":2}, {"label":"", "x":10, "y":2}, {"label":"", "x":11, "y":2}, {"label":"", "x":12, "y":2}, {"label":"Shift", "x":13, "y":2, "w":1.25}, {"label":"", "x":14.25, "y":2}, {"x":0, "y":3}, {"label":"Alt", "x":2.75, "y":3}, {"label":"Win", "x":3.75, "y":3, "w":1.5}, {"label":"", "x":5.25, "y":3, "w":2.25}, {"label":"", "x":7.5, "y":3, "w":2.75}, {"label":"AltGr", "x":10.25, "y":3, "w":1.5}, {"label":"L3", "x":11.75, "y":3}]
        },

        "LAYOUT_space": {
            "layout": [{"x":0, "y":0}, {"x":1.25, "y":0}, {"x":2.25, "y":0}, {"x":3.25, "y":0}, {"x":4.25, "y":0}, {"x":5.25, "y":0}, {"x":6.25, "y":0}, {"x":7.25, "y":0}, {"x":8.25, "y":0}, {"x":9.25, "y":0}, {"x":10.25, "y":0}, {"x":11.25, "y":0}, {"x":12.25, "y":0}, {"x":13.25, "y":0}, {"x":14.25, "y":0}, {"x":0, "y":1}, {"x":1.25, "y":1, "w":1.25}, {"x":2.5, "y":1}, {"x":3.5, "y":1}, {"x":4.5, "y":1}, {"x":5.5, "y":1}, {"x":6.5, "y":1}, {"x":7.5, "y":1}, {"x":8.5, "y":1}, {"x":9.5, "y":1}, {"x":10.5, "y":1}, {"x":11.5, "y":1}, {"x":12.5, "y":1}, {"x":13.5, "y":1, "w":1.75}, {"x":0, "y":2}, {"x":1.25, "y":2, "w":1.75}, {"x":3, "y":2}, {"x":4, "y":2}, {"x":5, "y":2}, {"x":6, "y":2}, {"x":7, "y":2}, {"x":8, "y":2}, {"x":9, "y":2}, {"x":10, "y":2}, {"x":11, "y":2}, {"x":12, "y":2}, {"x":13, "y":2, "w":1.25}, {"x":14.25, "y":2}, {"x":0, "y":3}, {"x":2.75, "y":3}, {"x":3.75, "y":3, "w":1.5}, {"x":5.25, "y":3, "w":6.25}, {"x":11.5, "y":3, "w":1.25}]
        }
    }
}
