{
  "keyboard_name": "Atreus",
  "url": "",
  "maintainer": "qmk",
  "layouts": {
    "LAYOUT": {
      "layout": [{"x":0, "y":0.6}, {"x":1, "y":0.35}, {"x":2, "y":0}, {"x":3, "y":0.35}, {"x":4, "y":0.7}, {"x":8, "y":0.7}, {"x":9, "y":0.35}, {"x":10, "y":0}, {"x":11, "y":0.35}, {"x":12, "y":0.6}, {"x":0, "y":1.6}, {"x":1, "y":1.35}, {"x":2, "y":1}, {"x":3, "y":1.35}, {"x":4, "y":1.7}, {"x":8, "y":1.7}, {"x":9, "y":1.35}, {"x":10, "y":1}, {"x":11, "y":1.35}, {"x":12, "y":1.6}, {"x":0, "y":2.6}, {"x":1, "y":2.35}, {"x":2, "y":2}, {"x":3, "y":2.35}, {"x":4, "y":2.7}, {"x":8, "y":2.7}, {"x":9, "y":2.35}, {"x":10, "y":2}, {"x":11, "y":2.35}, {"x":12, "y":2.6}, {"x":0, "y":3.6}, {"x":1, "y":3.35}, {"x":2, "y":3}, {"x":3, "y":3.35}, {"x":4, "y":3.7}, {"x":5, "y":2.95, "h":1.5}, {"x":7, "y":2.95, "h":1.5}, {"x":8, "y":3.7}, {"x":9, "y":3.35}, {"x":10, "y":3}, {"x":11, "y":3.35}, {"x":12, "y":3.6}]
    }
  }
}
