{
  "keyboard_name": "Kinesis",
  "url": "",
  "maintainer": "qmk",
  "layouts": {
    "LAYOUT": {
      "layout": [{"label":"Esc", "x":0, "y":0, "w":0.69, "h":0.85}, {"label":"F1", "x":0.7, "y":0, "w":0.69, "h":0.85}, {"label":"F2", "x":1.39, "y":0, "w":0.69, "h":0.85}, {"label":"F3", "x":2.09, "y":0, "w":0.69, "h":0.85}, {"label":"F4", "x":2.78, "y":0, "w":0.69, "h":0.85}, {"label":"F5", "x":3.48, "y":0, "w":0.69, "h":0.85}, {"label":"F6", "x":4.17, "y":0, "w":0.69, "h":0.85}, {"label":"F7", "x":4.87, "y":0, "w":0.69, "h":0.85}, {"label":"F8", "x":5.56, "y":0, "w":0.69, "h":0.85}, {"label":"+", "x":0, "y":1.25, "w":1.25}, {"label":"!", "x":1.25, "y":1.25}, {"label":"@", "x":2.25, "y":1}, {"label":"#", "x":3.25, "y":1}, {"label":"$", "x":4.25, "y":1}, {"label":"%", "x":5.25, "y":1}, {"label":"Tab", "x":0, "y":2.25, "w":1.25}, {"label":"Q", "x":1.25, "y":2.25}, {"label":"W", "x":2.25, "y":2}, {"label":"E", "x":3.25, "y":2}, {"label":"R", "x":4.25, "y":2}, {"label":"T", "x":5.25, "y":2}, {"label":"Caps Lock", "x":0, "y":3.25, "w":1.25}, {"label":"A", "x":1.25, "y":3.25}, {"label":"S", "x":2.25, "y":3}, {"label":"D", "x":3.25, "y":3}, {"label":"F", "x":4.25, "y":3}, {"label":"G", "x":5.25, "y":3}, {"label":"Shift", "x":0, "y":4.25, "w":1.25}, {"label":"Z", "x":1.25, "y":4.25}, {"label":"X", "x":2.25, "y":4}, {"label":"C", "x":3.25, "y":4}, {"label":"V", "x":4.25, "y":4}, {"label":"B", "x":5.25, "y":4}, {"label":"~", "x":1.25, "y":5.25}, {"label":"|", "x":2.25, "y":5}, {"label":"←", "x":3.25, "y":5}, {"label":"→", "x":4.25, "y":5}, {"label":"Ctrl", "x":5.25, "y":6}, {"label":"Alt", "x":6.25, "y":6}, {"label":"Home", "x":6.25, "y":7}, {"label":"Back Space", "x":4.25, "y":7, "h":2}, {"label":"Delete", "x":5.25, "y":7, "h":2}, {"label":"End", "x":6.25, "y":8}, {"label":"F9", "x":9.25, "y":0, "w":0.69, "h":0.85}, {"label":"F10", "x":9.95, "y":0, "w":0.69, "h":0.85}, {"label":"F11", "x":10.64, "y":0, "w":0.69, "h":0.85}, {"label":"F12", "x":11.34, "y":0, "w":0.69, "h":0.85}, {"label":"Print Scrn", "x":12.03, "y":0, "w":0.69, "h":0.85}, {"label":"Scroll Lock", "x":12.73, "y":0, "w":0.69, "h":0.85}, {"label":"Pause", "x":13.42, "y":0, "w":0.69, "h":0.85}, {"label":"Keypad", "x":14.12, "y":0, "w":0.69, "h":0.85}, {"label":"Progrm", "x":14.81, "y":0, "w":0.69, "h":0.85}, {"label":"^", "x":9.25, "y":1}, {"label":"&amp;", "x":10.25, "y":1}, {"label":"*", "x":11.25, "y":1}, {"label":"(", "x":12.25, "y":1}, {"label":")", "x":13.25, "y":1.25}, {"label":"_", "x":14.25, "y":1.25, "w":1.25}, {"label":"Y", "x":9.25, "y":2}, {"label":"U", "x":10.25, "y":2}, {"label":"I", "x":11.25, "y":2}, {"label":"O", "x":12.25, "y":2}, {"label":"P", "x":13.25, "y":2.25}, {"label":"|", "x":14.25, "y":2.25, "w":1.25}, {"label":"H", "x":9.25, "y":3}, {"label":"J", "x":10.25, "y":3}, {"label":"K", "x":11.25, "y":3}, {"label":"L", "x":12.25, "y":3}, {"label":":", "x":13.25, "y":3.25}, {"label":"\"", "x":14.25, "y":3.25, "w":1.25}, {"label":"N", "x":9.25, "y":4}, {"label":"M", "x":10.25, "y":4}, {"label":"&lt;", "x":11.25, "y":4}, {"label":"&gt;", "x":12.25, "y":4}, {"label":"?", "x":13.25, "y":4.25}, {"label":"Shift", "x":14.25, "y":4.25, "w":1.25}, {"label":"↑", "x":10.25, "y":5}, {"label":"↓", "x":11.25, "y":5}, {"label":"{", "x":12.25, "y":5}, {"label":"}", "x":13.25, "y":5.25}, {"label":"GUI", "x":8.25, "y":6}, {"label":"Ctrl", "x":9.25, "y":6}, {"label":"Page Up", "x":8.25, "y":7}, {"label":"Page Down", "x":8.25, "y":8}, {"label":"Enter", "x":9.25, "y":7, "h":2}, {"label":"Space", "x":10.25, "y":7, "h":2}]
    },

    "LAYOUT_pretty": {
      "layout": [{"label":"Esc", "x":0, "y":0, "w":0.69, "h":0.85}, {"label":"F1", "x":0.7, "y":0, "w":0.69, "h":0.85}, {"label":"F2", "x":1.39, "y":0, "w":0.69, "h":0.85}, {"label":"F3", "x":2.09, "y":0, "w":0.69, "h":0.85}, {"label":"F4", "x":2.78, "y":0, "w":0.69, "h":0.85}, {"label":"F5", "x":3.48, "y":0, "w":0.69, "h":0.85}, {"label":"F6", "x":4.17, "y":0, "w":0.69, "h":0.85}, {"label":"F7", "x":4.87, "y":0, "w":0.69, "h":0.85}, {"label":"F8", "x":5.56, "y":0, "w":0.69, "h":0.85}, {"label":"F9", "x":9.25, "y":0, "w":0.69, "h":0.85}, {"label":"F10", "x":9.95, "y":0, "w":0.69, "h":0.85}, {"label":"F11", "x":10.64, "y":0, "w":0.69, "h":0.85}, {"label":"F12", "x":11.34, "y":0, "w":0.69, "h":0.85}, {"label":"Print Scrn", "x":12.03, "y":0, "w":0.69, "h":0.85}, {"label":"Scroll Lock", "x":12.73, "y":0, "w":0.69, "h":0.85}, {"label":"Pause", "x":13.42, "y":0, "w":0.69, "h":0.85}, {"label":"Keypad", "x":14.12, "y":0, "w":0.69, "h":0.85}, {"label":"Progrm", "x":14.81, "y":0, "w":0.69, "h":0.85}, {"label":"+", "x":0, "y":1.25, "w":1.25}, {"label":"!", "x":1.25, "y":1.25}, {"label":"@", "x":2.25, "y":1}, {"label":"#", "x":3.25, "y":1}, {"label":"$", "x":4.25, "y":1}, {"label":"%", "x":5.25, "y":1}, {"label":"^", "x":9.25, "y":1}, {"label":"&amp;", "x":10.25, "y":1}, {"label":"*", "x":11.25, "y":1}, {"label":"(", "x":12.25, "y":1}, {"label":")", "x":13.25, "y":1.25}, {"label":"_", "x":14.25, "y":1.25, "w":1.25}, {"label":"Tab", "x":0, "y":2.25, "w":1.25}, {"label":"Q", "x":1.25, "y":2.25}, {"label":"W", "x":2.25, "y":2}, {"label":"E", "x":3.25, "y":2}, {"label":"R", "x":4.25, "y":2}, {"label":"T", "x":5.25, "y":2}, {"label":"Y", "x":9.25, "y":2}, {"label":"U", "x":10.25, "y":2}, {"label":"I", "x":11.25, "y":2}, {"label":"O", "x":12.25, "y":2}, {"label":"P", "x":13.25, "y":2.25}, {"label":"|", "x":14.25, "y":2.25, "w":1.25}, {"label":"Caps Lock", "x":0, "y":3.25, "w":1.25}, {"label":"A", "x":1.25, "y":3.25}, {"label":"S", "x":2.25, "y":3}, {"label":"D", "x":3.25, "y":3}, {"label":"F", "x":4.25, "y":3}, {"label":"G", "x":5.25, "y":3}, {"label":"H", "x":9.25, "y":3}, {"label":"J", "x":10.25, "y":3}, {"label":"K", "x":11.25, "y":3}, {"label":"L", "x":12.25, "y":3}, {"label":":", "x":13.25, "y":3.25}, {"label":"\"", "x":14.25, "y":3.25, "w":1.25}, {"label":"Shift", "x":0, "y":4.25, "w":1.25}, {"label":"Z", "x":1.25, "y":4.25}, {"label":"X", "x":2.25, "y":4}, {"label":"C", "x":3.25, "y":4}, {"label":"V", "x":4.25, "y":4}, {"label":"B", "x":5.25, "y":4}, {"label":"N", "x":9.25, "y":4}, {"label":"M", "x":10.25, "y":4}, {"label":"&lt;", "x":11.25, "y":4}, {"label":"&gt;", "x":12.25, "y":4}, {"label":"?", "x":13.25, "y":4.25}, {"label":"Shift", "x":14.25, "y":4.25, "w":1.25}, {"label":"~", "x":1.25, "y":5.25}, {"label":"|", "x":2.25, "y":5}, {"label":"←", "x":3.25, "y":5}, {"label":"→", "x":4.25, "y":5}, {"label":"↑", "x":10.25, "y":5}, {"label":"↓", "x":11.25, "y":5}, {"label":"{", "x":12.25, "y":5}, {"label":"}", "x":13.25, "y":5.25}, {"label":"Ctrl", "x":5.25, "y":6}, {"label":"Alt", "x":6.25, "y":6}, {"label":"GUI", "x":8.25, "y":6}, {"label":"Ctrl", "x":9.25, "y":6}, {"label":"Home", "x":6.25, "y":7}, {"label":"Page Up", "x":8.25, "y":7}, {"label":"Back Space", "x":4.25, "y":7, "h":2}, {"label":"Delete", "x":5.25, "y":7, "h":2}, {"label":"End", "x":6.25, "y":8}, {"label":"Page Down", "x":8.25, "y":8}, {"label":"Enter", "x":9.25, "y":7, "h":2}, {"label":"Space", "x":10.25, "y":7, "h":2}]
    }
  }
}
