{
    "keyboard_name": "ristretto",
    "url": "https://www.fruitykeeb.xyz/product/ristretto",
    "maintainer": "Fruit",
    "layouts": {
        "LAYOUT": {
            "layout": [
                {"label":"ESC", "x":0, "y":0.25},
                {"label":"Q", "x":1, "y":0.25},
                {"label":"W", "x":2, "y":0.25},
                {"label":"E", "x":3, "y":0},
                {"label":"R", "x":4, "y":0.25},
                {"label":"T", "x":5, "y":0.25},
                {"label":"Y", "x":9, "y":0.25},
                {"label":"U", "x":10, "y":0.25},
                {"label":"I", "x":11, "y":0},
                {"label":"O", "x":12, "y":0.25},
                {"label":"P", "x":13, "y":0.25},
                {"label":"BKSP", "x":14, "y":0.25},

                {"label":"TAB", "x":0, "y":1.25},
                {"label":"A", "x":1, "y":1.25},
                {"label":"S", "x":2, "y":1.25},
                {"label":"D", "x":3, "y":1},
                {"label":"F", "x":4, "y":1.25},
                {"label":"G", "x":5, "y":1.25},
                {"label":"H", "x":9, "y":1.25},
                {"label":"J", "x":10, "y":1.25},
                {"label":"K", "x":11, "y":1},
                {"label":"L", "x":12, "y":1.25},
                {"label":";", "x":13, "y":1.25},
                {"label":"'", "x":14, "y":1.25},

                {"label":"LSFT", "x":0, "y":2.25},
                {"label":"Z", "x":1, "y":2.25},
                {"label":"X", "x":2, "y":2.25},
                {"label":"C", "x":3, "y":2},
                {"label":"V", "x":4, "y":2.25},
                {"label":"B", "x":5, "y":2.25},
                {"label":"N", "x":9, "y":2.25},
                {"label":"M", "x":10, "y":2.25},
                {"label":"<", "x":11, "y":2},
                {"label":">", "x":12, "y":2.25},
                {"label":"?", "x":13, "y":2.25},
                {"label":"ENTR", "x":14, "y":2.25},

                {"label":"LCTL", "x":0, "y":3.25},
                {"label":"LGUI", "x":1, "y":3.25},
                {"label":"LALT", "x":2, "y":3.25},
                {"label":"LOWER", "x":3, "y":3, "h":1.25},
                {"label":"Enter", "x":4, "y":3.25},
                {"label":"SPACE", "x":5, "y":3.25, "w":1.5},
                {"label":"Rotary", "x":7, "y":3.25},
                {"label":"SPACE", "x":8.5, "y":3.25, "w":1.5},
                {"label":"SHIFT", "x":10, "y":3.25},
                {"label":"RAISE", "x":11, "y":3, "h":1.25},
                {"label":"RALT", "x":12, "y":3.25},
                {"label":"RGUI", "x":13, "y":3.25},
                {"label":"RCTL", "x":14, "y":3.25}
            ]
        }
    }
}
