{
    "keyboard_name": "NEK Type A",
    "url": "",
    "maintainer": "ecopoesis",
    "layouts": {
        "LAYOUT": {
            "layout": [
                {"label":"Esc", "x":0.5, "y":0, "w":1.75},
                {"label":"F1", "x":2.75, "y":0},
                {"label":"F2", "x":3.75, "y":0},
                {"label":"F3", "x":4.75, "y":0},
                {"label":"F4", "x":5.75, "y":0},
                {"label":"F5", "x":8.25, "y":0},
                {"label":"F6", "x":9.25, "y":0},
                {"label":"F7", "x":10.25, "y":0},
                {"label":"F8", "x":11.25, "y":0},
                {"label":"F9", "x":12.5, "y":0},
                {"label":"F10", "x":13.5, "y":0},
                {"label":"F11", "x":14.5, "y":0},
                {"label":"F12", "x":15.5, "y":0},
                {"label":"Mute", "x":16.75, "y":0},
                {"label":"Volume Down", "x":17.75, "y":0},
                {"label":"Volume Up", "x":18.75, "y":0},
                {"label":"`", "x":0, "y":1.25},
                {"label":"1", "x":1, "y":1.25},
                {"label":"2", "x":2, "y":1.25},
                {"label":"3", "x":3, "y":1.25},
                {"label":"4", "x":4, "y":1.25},
                {"label":"5", "x":5, "y":1.25},
                {"label":"6", "x":6, "y":1.25},
                {"label":"7", "x":8, "y":1.25, "w":1.5},
                {"label":"8", "x":9.5, "y":1.25},
                {"label":"9", "x":10.5, "y":1.25},
                {"label":"0", "x":11.5, "y":1.25},
                {"label":"-", "x":12.5, "y":1.25},
                {"label":"=", "x":13.5, "y":1.25},
                {"label":"Backspace", "x":14.5, "y":1.25, "w":2},
                {"label":"Insert", "x":16.75, "y":1.25},
                {"label":"Home", "x":17.75, "y":1.25},
                {"label":"Page Up", "x":18.75, "y":1.25},
                {"label":"Tab", "x":0, "y":2.25, "w":1.5},
                {"label":"Q", "x":1.5, "y":2.25},
                {"label":"W", "x":2.5, "y":2.25},
                {"label":"E", "x":3.5, "y":2.25},
                {"label":"R", "x":4.5, "y":2.25},
                {"label":"T", "x":5.5, "y":2.25, "w":1.5},
                {"label":"Y", "x":8, "y":2.25},
                {"label":"U", "x":9, "y":2.25},
                {"label":"I", "x":10, "y":2.25},
                {"label":"O", "x":11, "y":2.25},
                {"label":"P", "x":12, "y":2.25},
                {"label":"[", "x":13, "y":2.25},
                {"label":"]", "x":14, "y":2.25},
                {"label":"\\", "x":15, "y":2.25, "w":1.5},
                {"label":"Delete", "x":16.75, "y":2.25},
                {"label":"End", "x":17.75, "y":2.25},
                {"label":"Page Down", "x":18.75, "y":2.25},
                {"label":"Caps Lock", "x":0, "y":3.25, "w":1.75},
                {"label":"A", "x":1.75, "y":3.25},
                {"label":"S", "x":2.75, "y":3.25},
                {"label":"D", "x":3.75, "y":3.25},
                {"label":"F", "x":4.75, "y":3.25},
                {"label":"G", "x":5.75, "y":3.25, "w":1.25},
                {"label":"H", "x":8, "y":3.25, "w":1.25},
                {"label":"J", "x":9.25, "y":3.25},
                {"label":"K", "x":10.25, "y":3.25},
                {"label":"L", "x":11.25, "y":3.25},
                {"label":";", "x":12.25, "y":3.25},
                {"label":"'", "x":13.25, "y":3.25},
                {"label":"Enter", "x":14.25, "y":3.25, "w":2.25},
                {"label":"Shift", "x":0, "y":4.25, "w":2},
                {"label":"Z", "x":2, "y":4.25},
                {"label":"X", "x":3, "y":4.25},
                {"label":"C", "x":4, "y":4.25},
                {"label":"V", "x":5, "y":4.25},
                {"label":"B", "x":6, "y":4.25},
                {"label":"N", "x":8, "y":4.25, "w":1.5},
                {"label":"M", "x":9.5, "y":4.25},
                {"label":",", "x":10.5, "y":4.25},
                {"label":".", "x":11.5, "y":4.25},
                {"label":"/", "x":12.5, "y":4.25},
                {"label":"Shift", "x":13.5, "y":4.25, "w":2.75},
                {"label":"Up", "x":17.75, "y":3.75},
                {"label":"Ctrl", "x":0, "y":5.25, "w":1.5},
                {"label":"Alt", "x":1.5, "y":5.25, "w":1.25},
                {"label":"Cmd", "x":2.75, "y":5.25, "w":1.5},
                {"label":"Space", "x":4.25, "y":5.25, "w":2.75},
                {"label":"Space", "x":8, "y":5.25, "w":2.75},
                {"label":"Cmd", "x":10.75, "y":5.25, "w":1.5},
                {"label":"Alt", "x":12.25, "y":5.25, "w":1.25},
                {"label":"Ctrl", "x":13.5, "y":5.25, "w":1.5},
                {"label":"Menu", "x":15, "y":5.25, "w":1.25},
                {"label":"Left", "x":16.75, "y":4.75},
                {"label":"Down", "x":17.75, "y":4.75},
                {"label":"Right", "x":18.75, "y":4.75}
            ]
        }
    }
}
