{
    "keyboard_name": "Rama Works X Machine Industries M10-A Macropad",
    "url": "",
    "maintainer": "qmk",
    "layouts": {
        "LAYOUT": {
            "layout": [
                {"x":0, "y":0},
                {"x":1, "y":0},
                {"x":2, "y":0},

                {"x":0, "y":1},
                {"x":1, "y":1},
                {"x":2, "y":1},

                {"x":0, "y":2},
                {"x":1, "y":2},
                {"x":2, "y":2},

                {"x":1, "y":3, "w":2}
            ]
        }
    }
}
