{
    "keyboard_name": "Terrazzo", 
    "url": "", 
    "maintainer": "MsMustard", 
    "layouts": {
        "LAYOUT": {
            "layout": [
                {"label":"Mute", "x":0, "y":0}, {"label":"Esc", "x":2.5, "y":0}, {"label":"Q", "x":3.5, "y":0}, {"label":"W", "x":4.5, "y":0}, {"label":"E", "x":5.5, "y":0}, {"label":"R", "x":6.5, "y":0}, {"label":"T", "x":7.5, "y":0}, {"label":"Y", "x":8.5, "y":0}, {"label":"U", "x":9.5, "y":0}, {"label":"I", "x":10.5, "y":0}, {"label":"O", "x":11.5, "y":0}, {"label":"P", "x":12.5, "y":0}, {"label":"Back", "x":13.5, "y":0},
                {"label":"TZ Nxt", "x":0, "y":1}, {"label":"Control", "x":2.5, "y":1, "w":1.25}, {"label":"A", "x":3.75, "y":1}, {"label":"S", "x":4.75, "y":1}, {"label":"D", "x":5.75, "y":1}, {"label":"F", "x":6.75, "y":1}, {"label":"G", "x":7.75, "y":1}, {"label":"H", "x":8.75, "y":1}, {"label":"J", "x":9.75, "y":1}, {"label":"K", "x":10.75, "y":1}, {"label":"L", "x":11.75, "y":1}, {"label":"Enter", "x":12.75, "y":1, "w":1.75},
                {"label":"TZ Prv", "x":0, "y":2}, {"label":"Shift", "x":2.5, "y":2, "w":1.75}, {"label":"Z", "x":4.25, "y":2}, {"label":"X", "x":5.25, "y":2}, {"label":"C", "x":6.25, "y":2}, {"label":"V", "x":7.25, "y":2}, {"label":"B", "x":8.25, "y":2}, {"label":"N", "x":9.25, "y":2}, {"label":"M", "x":10.25, "y":2}, {"label":"<", "x":11.25, "y":2}, {"label":">", "x":12.25, "y":2}, {"label":"Shift", "x":13.25, "y":2, "w":1.25},
                {"label":"TZ Off", "x":0, "y":3}, {"label":"Win", "x":3.5, "y":3}, {"label":"Alt", "x":4.5, "y":3, "w":1.5}, {"label":"Space", "x":6, "y":3, "w":2.25}, {"label":"Space", "x":8.25, "y":3, "w":2.75}, {"label":"Fn", "x":11, "y":3, "w":1.5}, {"label":"Fn1", "x":12.5, "y":3}
            ]
        },
        "LAYOUT_ortho": {
            "layout": [
                {"label":"Mute", "x":0, "y":0}, {"label":"Esc", "x":2.5, "y":0}, {"label":"Q", "x":3.5, "y":0}, {"label":"W", "x":4.5, "y":0}, {"label":"E", "x":5.5, "y":0}, {"label":"R", "x":6.5, "y":0}, {"label":"T", "x":7.5, "y":0}, {"label":"Y", "x":8.5, "y":0}, {"label":"U", "x":9.5, "y":0}, {"label":"I", "x":10.5, "y":0}, {"label":"O", "x":11.5, "y":0}, {"label":"P", "x":12.5, "y":0}, {"label":"Back", "x":13.5, "y":0},
                {"label":"TZ Nxt", "x":0, "y":1}, {"label":"Ctrl", "x":2.5, "y":1}, {"label":"A", "x":3.5, "y":1}, {"label":"S", "x":4.5, "y":1}, {"label":"D", "x":5.5, "y":1}, {"label":"F", "x":6.5, "y":1}, {"label":"G", "x":7.5, "y":1}, {"label":"H", "x":8.5, "y":1}, {"label":"J", "x":9.5, "y":1}, {"label":"K", "x":10.5, "y":1}, {"label":"L", "x":11.5, "y":1}, {"label":";", "x":12.5, "y":1}, {"label":"Enter", "x":13.5, "y":1},
                {"label":"TZ Prv", "x":0, "y":2}, {"label":"Shift", "x":2.5, "y":2}, {"label":"Z", "x":3.5, "y":2}, {"label":"X", "x":4.5, "y":2}, {"label":"C", "x":5.5, "y":2}, {"label":"V", "x":6.5, "y":2}, {"label":"B", "x":7.5, "y":2}, {"label":"N", "x":8.5, "y":2}, {"label":"M", "x":9.5, "y":2}, {"label":"<", "x":10.5, "y":2}, {"label":">", "x":11.5, "y":2}, {"label":"/", "x":12.5, "y":2}, {"label":"Shift", "x":13.5, "y":2},
                {"label":"TZ Off", "x":0, "y":3}, {"label":"Win", "x":3.5, "y":3}, {"label":"Alt", "x":4.5, "y":3}, {"label":"Lower", "x":5.5, "y":3}, {"label":"Space", "x":6.5, "y":3, "w":2}, {"label":"Space", "x":8.5, "y":3, "w":2}, {"label":"Raise", "x":10.5, "y":3}, {"label":"Nav", "x":11.5, "y":3}, {"label":"Fn", "x":12.5, "y":3}
            ]
        },
        "LAYOUT_ortho_mit": {
            "layout": [
                {"label":"Mute", "x":0, "y":0}, {"label":"Esc", "x":2.5, "y":0}, {"label":"Q", "x":3.5, "y":0}, {"label":"W", "x":4.5, "y":0}, {"label":"E", "x":5.5, "y":0}, {"label":"R", "x":6.5, "y":0}, {"label":"T", "x":7.5, "y":0}, {"label":"Y", "x":8.5, "y":0}, {"label":"U", "x":9.5, "y":0}, {"label":"I", "x":10.5, "y":0}, {"label":"O", "x":11.5, "y":0}, {"label":"P", "x":12.5, "y":0}, {"label":"Back", "x":13.5, "y":0},
                {"label":"TZ Nxt", "x":0, "y":1}, {"label":"Ctrl", "x":2.5, "y":1}, {"label":"A", "x":3.5, "y":1}, {"label":"S", "x":4.5, "y":1}, {"label":"D", "x":5.5, "y":1}, {"label":"F", "x":6.5, "y":1}, {"label":"G", "x":7.5, "y":1}, {"label":"H", "x":8.5, "y":1}, {"label":"J", "x":9.5, "y":1}, {"label":"K", "x":10.5, "y":1}, {"label":"L", "x":11.5, "y":1}, {"label":";", "x":12.5, "y":1}, {"label":"Enter", "x":13.5, "y":1},
                {"label":"TZ Prv", "x":0, "y":2}, {"label":"Shift", "x":2.5, "y":2}, {"label":"Z", "x":3.5, "y":2}, {"label":"X", "x":4.5, "y":2}, {"label":"C", "x":5.5, "y":2}, {"label":"V", "x":6.5, "y":2}, {"label":"B", "x":7.5, "y":2}, {"label":"N", "x":8.5, "y":2}, {"label":"M", "x":9.5, "y":2}, {"label":"<", "x":10.5, "y":2}, {"label":">", "x":11.5, "y":2}, {"label":"/", "x":12.5, "y":2}, {"label":"Shift", "x":13.5, "y":2},
                {"label":"TZ Off", "x":0, "y":3}, {"label":"Tab", "x":3.5, "y":3}, {"label":"Win", "x":4.5, "y":3}, {"label":"Alt", "x":5.5, "y":3}, {"label":"Lower", "x":6.5, "y":3}, {"label":"Space", "x":7.5, "y":3, "w":2}, {"label":"Raise", "x":9.5, "y":3}, {"label":"Nav", "x":10.5, "y":3}, {"label":"Fn", "x":11.5, "y":3}, {"label":"Del", "x":12.5, "y":3}
            ]
        },
        "LAYOUT_ortho_all": {
            "layout": [
                {"label":"Mute", "x":0, "y":0}, {"label":"Esc", "x":2.5, "y":0}, {"label":"Q", "x":3.5, "y":0}, {"label":"W", "x":4.5, "y":0}, {"label":"E", "x":5.5, "y":0}, {"label":"R", "x":6.5, "y":0}, {"label":"T", "x":7.5, "y":0}, {"label":"Y", "x":8.5, "y":0}, {"label":"U", "x":9.5, "y":0}, {"label":"I", "x":10.5, "y":0}, {"label":"O", "x":11.5, "y":0}, {"label":"P", "x":12.5, "y":0}, {"label":"Back", "x":13.5, "y":0},
                {"label":"TZ Nxt", "x":0, "y":1}, {"label":"Ctrl", "x":2.5, "y":1}, {"label":"A", "x":3.5, "y":1}, {"label":"S", "x":4.5, "y":1}, {"label":"D", "x":5.5, "y":1}, {"label":"F", "x":6.5, "y":1}, {"label":"G", "x":7.5, "y":1}, {"label":"H", "x":8.5, "y":1}, {"label":"J", "x":9.5, "y":1}, {"label":"K", "x":10.5, "y":1}, {"label":"L", "x":11.5, "y":1}, {"label":";", "x":12.5, "y":1}, {"label":"Enter", "x":13.5, "y":1},
                {"label":"TZ Prv", "x":0, "y":2}, {"label":"Shift", "x":2.5, "y":2}, {"label":"Z", "x":3.5, "y":2}, {"label":"X", "x":4.5, "y":2}, {"label":"C", "x":5.5, "y":2}, {"label":"V", "x":6.5, "y":2}, {"label":"B", "x":7.5, "y":2}, {"label":"N", "x":8.5, "y":2}, {"label":"M", "x":9.5, "y":2}, {"label":"<", "x":10.5, "y":2}, {"label":">", "x":11.5, "y":2}, {"label":"/", "x":12.5, "y":2}, {"label":"Shift", "x":13.5, "y":2},
                {"label":"TZ Off", "x":0, "y":3}, {"label":"Tab", "x":3.5, "y":3}, {"label":"Win", "x":4.5, "y":3}, {"label":"Alt", "x":5.5, "y":3}, {"label":"Lower", "x":6.5, "y":3}, {"label":"Space", "x":7.5, "y":3}, {"label":"Space", "x":8.5, "y":3}, {"label":"Raise", "x":9.5, "y":3}, {"label":"Nav", "x":10.5, "y":3}, {"label":"Fn", "x":11.5, "y":3}, {"label":"Del", "x":12.5, "y":3}
            ]
        }
    }
}
