{
  "keyboard_name": "Omnikey BH PCB",
  "url": "",
  "maintainer": "qmk",
  "layouts": {
    "LAYOUT": {
      "layout": [{"label":"K000", "x":0, "y":0}, {"label":"K001", "x":1, "y":0}, {"label":"K002", "x":2.5, "y":0}, {"label":"K003", "x":4.5, "y":0}, {"label":"K004", "x":5.5, "y":0}, {"label":"K005", "x":6.5, "y":0}, {"label":"K006", "x":7.5, "y":0}, {"label":"K007", "x":9, "y":0}, {"label":"K008", "x":10, "y":0}, {"label":"K009", "x":11, "y":0}, {"label":"K010", "x":12, "y":0}, {"label":"K011", "x":13.5, "y":0}, {"label":"K012", "x":14.5, "y":0}, {"label":"K013", "x":15.5, "y":0}, {"label":"K014", "x":16.5, "y":0}, {"label":"K015", "x":18, "y":0}, {"label":"K016", "x":19, "y":0}, {"label":"K017", "x":20, "y":0}, {"label":"K100", "x":0, "y":1.5}, {"label":"K101", "x":1, "y":1.5}, {"label":"K102", "x":2.5, "y":1.5}, {"label":"K103", "x":3.5, "y":1.5}, {"label":"K104", "x":4.5, "y":1.5}, {"label":"K105", "x":5.5, "y":1.5}, {"label":"K106", "x":6.5, "y":1.5}, {"label":"K107", "x":7.5, "y":1.5}, {"label":"K108", "x":8.5, "y":1.5}, {"label":"K109", "x":9.5, "y":1.5}, {"label":"K110", "x":10.5, "y":1.5}, {"label":"K111", "x":11.5, "y":1.5}, {"label":"K112", "x":12.5, "y":1.5}, {"label":"K113", "x":13.5, "y":1.5}, {"label":"K114", "x":14.5, "y":1.5}, {"label":"K115", "x":15.5, "y":1.5, "w":2}, {"label":"K116", "x":18, "y":1.5}, {"label":"K117", "x":19, "y":1.5}, {"label":"K118", "x":20, "y":1.5}, {"label":"K119", "x":21.5, "y":1.5}, {"label":"K120", "x":22.5, "y":1.5}, {"label":"K121", "x":23.5, "y":1.5}, {"label":"K122", "x":24.5, "y":1.5}, {"label":"K200", "x":0, "y":2.5}, {"label":"K201", "x":1, "y":2.5}, {"label":"K202", "x":2.5, "y":2.5, "w":1.5}, {"label":"K203", "x":4, "y":2.5}, {"label":"K204", "x":5, "y":2.5}, {"label":"K205", "x":6, "y":2.5}, {"label":"K206", "x":7, "y":2.5}, {"label":"K207", "x":8, "y":2.5}, {"label":"K208", "x":9, "y":2.5}, {"label":"K209", "x":10, "y":2.5}, {"label":"K210", "x":11, "y":2.5}, {"label":"K211", "x":12, "y":2.5}, {"label":"K212", "x":13, "y":2.5}, {"label":"K213", "x":14, "y":2.5}, {"label":"K214", "x":15, "y":2.5}, {"label":"K215", "x":16, "y":2.5, "w":1.5}, {"label":"K216", "x":18, "y":2.5}, {"label":"K217", "x":19, "y":2.5}, {"label":"K218", "x":20, "y":2.5}, {"label":"K219", "x":21.5, "y":2.5}, {"label":"K220", "x":22.5, "y":2.5}, {"label":"K221", "x":23.5, "y":2.5}, {"label":"K222", "x":24.5, "y":2.5}, {"label":"K300", "x":0, "y":3.5}, {"label":"K301", "x":1, "y":3.5}, {"label":"K302", "x":2.5, "y":3.5, "w":1.75}, {"label":"K303", "x":4.25, "y":3.5}, {"label":"K304", "x":5.25, "y":3.5}, {"label":"K305", "x":6.25, "y":3.5}, {"label":"K306", "x":7.25, "y":3.5}, {"label":"K307", "x":8.25, "y":3.5}, {"label":"K308", "x":9.25, "y":3.5}, {"label":"K309", "x":10.25, "y":3.5}, {"label":"K310", "x":11.25, "y":3.5}, {"label":"K311", "x":12.25, "y":3.5}, {"label":"K312", "x":13.25, "y":3.5}, {"label":"K313", "x":14.25, "y":3.5}, {"label":"K314", "x":15.25, "y":3.5, "w":2.25}, {"label":"K315", "x":18, "y":3.5}, {"label":"K316", "x":19, "y":3.5}, {"label":"K317", "x":20, "y":3.5}, {"label":"K318", "x":21.5, "y":3.5}, {"label":"K319", "x":22.5, "y":3.5}, {"label":"K320", "x":23.5, "y":3.5}, {"label":"K321", "x":24.5, "y":3.5}, {"label":"K400", "x":0, "y":4.5}, {"label":"K401", "x":1, "y":4.5}, {"label":"K402", "x":2.5, "y":4.5, "w":2.25}, {"label":"K403", "x":4.75, "y":4.5}, {"label":"K404", "x":5.75, "y":4.5}, {"label":"K405", "x":6.75, "y":4.5}, {"label":"K406", "x":7.75, "y":4.5}, {"label":"K407", "x":8.75, "y":4.5}, {"label":"K408", "x":9.75, "y":4.5}, {"label":"K409", "x":10.75, "y":4.5}, {"label":"K410", "x":11.75, "y":4.5}, {"label":"K411", "x":12.75, "y":4.5}, {"label":"K412", "x":13.75, "y":4.5}, {"label":"K413", "x":14.75, "y":4.5, "w":1.75}, {"label":"K414", "x":16.5, "y":4.5}, {"label":"K415", "x":18, "y":4.5}, {"label":"K416", "x":19, "y":4.5}, {"label":"K417", "x":20, "y":4.5}, {"label":"K418", "x":21.5, "y":4.5}, {"label":"K419", "x":22.5, "y":4.5}, {"label":"K420", "x":23.5, "y":4.5}, {"label":"K421", "x":24.5, "y":4.5, "h":2}, {"label":"K500", "x":0, "y":5.5}, {"label":"K501", "x":1, "y":5.5}, {"label":"K502", "x":2.5, "y":5.5, "w":1.5}, {"label":"K503", "x":4, "y":5.5}, {"label":"K504", "x":5, "y":5.5, "w":1.5}, {"label":"K507", "x":6.5, "y":5.5, "w":7}, {"label":"K512", "x":13.5, "y":5.5}, {"label":"K513", "x":14.5, "y":5.5}, {"label":"K514", "x":15.5, "y":5.5}, {"label":"K515", "x":16.5, "y":5.5}, {"label":"K516", "x":18, "y":5.5}, {"label":"K517", "x":19, "y":5.5}, {"label":"K518", "x":20, "y":5.5}, {"label":"K519", "x":21.5, "y":5.5, "w":2}, {"label":"K520", "x":23.5, "y":5.5}]
    }
  }
}
