{
    "keyboard_name": "cool836a",
    "url": "https://github.com/telzo2000/cool836A",
    "maintainer": "Ohashi",
    "layouts": {
        "LAYOUT": {
            "layout": [
                {"x": 0, "y": 0},{"x": 1, "y": 0},{"x": 2, "y": 0},{"x": 3, "y": 0},{"x": 4, "y": 0},{"x": 5, "y": 0},
                {"x": 7.5, "y": 0},{"x": 8.5, "y": 0},{"x": 9.5, "y": 0},{"x": 10.5, "y": 0},{"x": 11.5,"y": 0},{"x": 12.5,"y": 0},
                {"x": 0, "y": 1},{"x": 1.5, "y": 1},{"x": 2.5, "y": 1},{"x": 3.5, "y": 1},{"x": 4.5, "y": 1},{"x": 5.5, "y": 1},
                {"x": 8, "y": 1},{"x": 9, "y": 1},{"x": 10, "y": 1},{"x": 11, "y": 1},{"x": 12,"y": 1},{"x": 13,"y": 1},
                {"x": 0, "y": 2},{"x": 2, "y": 2},{"x": 3, "y": 2},{"x": 4, "y": 2},{"x": 5, "y": 2},{"x": 6, "y": 2},
                {"x": 7.5, "y": 2},{"x": 8.5, "y": 2},{"x": 9.5, "y": 2},{"x": 10.5, "y": 2},{"x": 11.5,"y": 2},{"x": 12.5,"y": 2}
            ]
        }
    }
}
