{
    "keyboard_name": "SKErgo",
    "url": "https://keyz.io",
    "maintainer": "Keyz.io",
    "layouts": {
      "LAYOUT": {
        "layout": [
           {"label":"Esc", "x":0, "y":0},
           {"label":"1", "x":1, "y":0},
           {"label":"2", "x":2, "y":0},
           {"label":"3", "x":3.75, "y":0},
           {"label":"4", "x":4.75, "y":0},
           {"label":"5", "x":5.75, "y":0},
           {"label":"6", "x":6.75, "y":0},
           {"label":"7", "x":9.25, "y":0},
           {"label":"8", "x":10.25, "y":0},
           {"label":"9", "x":11.25, "y":0},
           {"label":"0", "x":12.25, "y":0},
           {"label":"-", "x":13.5, "y":0},
           {"label":"=", "x":14.5, "y":0},
           {"label":"~", "x":15.5, "y":0},
           {"label":"Backspace", "x":16.5, "y":0},

           {"label":"Tab", "x":0, "y":1, "w":1.5},
           {"label":"Q", "x":1.5, "y":1},
           {"label":"W", "x":3.25, "y":1},
           {"label":"E", "x":4.25, "y":1},
           {"label":"R", "x":5.25, "y":1},
           {"label":"T", "x":6.25, "y":1},
           {"label":"Y", "x":8.75, "y":1},
           {"label":"U", "x":9.75, "y":1},
           {"label":"I", "x":10.75, "y":1},
           {"label":"O", "x":11.75, "y":1},
           {"label":"P", "x":12.75, "y":1},
           {"label":"{", "x":14.25, "y":1},
           {"label":"}", "x":15.25, "y":1},
           {"label":"|", "x":16.25, "y":1, "w":1.5},
           {"label":"Pg Up", "x":18, "y":0},

           {"label":"Caps Lock", "x":0, "y":2, "w":1.75},
           {"label":"A", "x":1.75, "y":2},
           {"label":"S", "x":3.5, "y":2},
           {"label":"D", "x":4.5, "y":2},
           {"label":"F", "x":5.5, "y":2},
           {"label":"G", "x":6.5, "y":2},
           {"label":"H", "x":9, "y":2},
           {"label":"J", "x":10, "y":2},
           {"label":"K", "x":11, "y":2},
           {"label":"L", "x":12, "y":2},
           {"label":":", "x":13.5, "y":2},
           {"label":"\"", "x":14.5, "y":2},
           {"label":"Enter", "x":15.5, "y":2, "w":2.25},
           {"label":"Pg Dn", "x":18.25, "y":1},

           {"label":"Shift", "x":0, "y":3, "w":2.25},
           {"label":"Z", "x":2.25, "y":3},
           {"label":"X", "x":3.75, "y":3},
           {"label":"C", "x":4.75, "y":3},
           {"label":"V", "x":5.75, "y":3},
           {"label":"B", "x":6.75, "y":3},
           {"label":"N", "x":9.25, "y":3},
           {"label":"M", "x":10.25, "y":3},
           {"label":"<", "x":11.25, "y":3},
           {"label":">", "x":12.25, "y":3},
           {"label":"?", "x":14.25, "y":3},
           {"label":"Shift", "x":15.25, "y":3, "w":1.75},
           {"label":"Up", "x":17.25, "y":3},
           {"label":"End", "x":18.5, "y":2},

           {"label":"L_Ctrl", "x":0, "y":4, "w":1.25},
           {"label":"L_Alt", "x":3.75, "y":4, "w":1.5},
           {"label":"L_Space", "x":5.25, "y":4, "w":2},
           {"label":"Fn", "x":7.25, "y":4},
           {"label":"R_Space", "x":9, "y":4, "w":2.75},

           {"label":"R_Alt", "x":11.75, "y":4, "w":1.5},
           {"label":"Left","x":16.25, "y":4},
           {"label":"Down","x":17.25, "y":4},
           {"label":"Right","x":18.25, "y":4}
         ]
        }
    }
}
