{
  "keyboard_name": "Polilla",
  "url": "",
  "maintainer": "elagil",
  "layouts": {
    "LAYOUT": {
      "layout": [
        {
          "label": "0,0",
          "x": 0.5,
          "y": 0.5
        },
        {
          "label": "0,1",
          "x": 1.5,
          "y": 0.5
        },
        {
          "label": "0,2",
          "x": 2.5,
          "y": 0.375
        },
        {
          "label": "0,3",
          "x": 3.5,
          "y": 0.25
        },
        {
          "label": "0,4",
          "x": 4.5,
          "y": 0.25
        },
        {
          "label": "0,5",
          "x": 5.5,
          "y": 0.25
        },
        {
          "label": "0,6",
          "x": 10,
          "y": 0.25
        },
        {
          "label": "0,7",
          "x": 11,
          "y": 0.25
        },
        {
          "label": "0,8",
          "x": 12,
          "y": 0.25
        },
        {
          "label": "0,9",
          "x": 13,
          "y": 0.375
        },
        {
          "label": "0,10",
          "x": 14,
          "y": 0.5
        },
        {
          "label": "0,11",
          "x": 15,
          "y": 0.5
        },
        {
          "label": "1,0",
          "x": 0.5,
          "y": 1.5
        },
        {
          "label": "1,1",
          "x": 1.5,
          "y": 1.5
        },
        {
          "label": "1,2",
          "x": 2.5,
          "y": 1.375
        },
        {
          "label": "1,3",
          "x": 3.5,
          "y": 1.25
        },
        {
          "label": "1,4",
          "x": 4.5,
          "y": 1.25
        },
        {
          "label": "1,5",
          "x": 5.5,
          "y": 1.25
        },
        {
          "label": "1,6",
          "x": 10,
          "y": 1.25
        },
        {
          "label": "1,7",
          "x": 11,
          "y": 1.25
        },
        {
          "label": "1,8",
          "x": 12,
          "y": 1.25
        },
        {
          "label": "1,9",
          "x": 13,
          "y": 1.375
        },
        {
          "label": "1,10",
          "x": 14,
          "y": 1.5
        },
        {
          "label": "1,11",
          "x": 15,
          "y": 1.5
        },
        {
          "label": "2,0",
          "x": 0.5,
          "y": 2.5
        },
        {
          "label": "2,1",
          "x": 1.5,
          "y": 2.5
        },
        {
          "label": "2,2",
          "x": 2.5,
          "y": 2.375
        },
        {
          "label": "2,3",
          "x": 3.5,
          "y": 2.25
        },
        {
          "label": "2,4",
          "x": 4.5,
          "y": 2.25
        },
        {
          "label": "2,5",
          "x": 5.5,
          "y": 2.25
        },
        {
          "label": "2,6",
          "x": 10,
          "y": 2.25
        },
        {
          "label": "2,7",
          "x": 11,
          "y": 2.25
        },
        {
          "label": "2,8",
          "x": 12,
          "y": 2.25
        },
        {
          "label": "2,9",
          "x": 13,
          "y": 2.375
        },
        {
          "label": "2,10",
          "x": 14,
          "y": 2.5
        },
        {
          "label": "2,11",
          "x": 15,
          "y": 2.5
        },
        {
          "label": "3,0",
          "x": 0.5,
          "y": 3.5
        },
        {
          "label": "3,1",
          "x": 1.5,
          "y": 3.5
        },
        {
          "label": "3,2",
          "x": 2.5,
          "y": 3.375
        },
        {
          "label": "3,3",
          "x": 3.5,
          "y": 3.25
        },
        {
          "label": "3,4",
          "x": 4.5,
          "y": 3.25
        },
        {
          "label": "3,5",
          "x": 5.5,
          "y": 3.25
        },
        {
          "label": "3,6",
          "x": 10,
          "y": 3.25
        },
        {
          "label": "3,7",
          "x": 11,
          "y": 3.25
        },
        {
          "label": "3,8",
          "x": 12,
          "y": 3.25
        },
        {
          "label": "3,9",
          "x": 13,
          "y": 3.375
        },
        {
          "label": "3,10",
          "x": 14,
          "y": 3.5
        },
        {
          "label": "3,11",
          "x": 15,
          "y": 3.5
        },
        {
          "label": "4,0",
          "x": 2.5,
          "y": 4.375
        },
        {
          "label": "4,1",
          "x": 3.5,
          "y": 4.25
        },
        {
          "label": "4,2",
          "x": 4.5,
          "y": 4.25
        },
        {
          "label": "4,3",
          "x": 5.5,
          "y": 4.25
        },
        {
          "label": "4,4",
          "x": 6.5,
          "y": 4,
          "h": 1.5
        },
        {
          "label": "4,5",
          "x": 6.5,
          "y": 3
        },
        {
          "label": "4,6",
          "x": 9,
          "y": 3
        },
        {
          "label": "4,7",
          "x": 9,
          "y": 4,
          "h": 1.5
        },
        {
          "label": "4,8",
          "x": 10,
          "y": 4.25
        },
        {
          "label": "4,9",
          "x": 11,
          "y": 4.25
        },
        {
          "label": "4,10",
          "x": 12,
          "y": 4.25
        },
        {
          "label": "4,11",
          "x": 13,
          "y": 4.375
        }
      ]
    }
  }
}
