{
  "keyboard_name": "Kona Classic",
  "url": "",
  "maintainer": "qmk",
  "layouts": {
    "LAYOUT_all": {
      "layout": [{"label":"KA0", "x":0, "y":0}, {"label":"KA1", "x":1, "y":0}, {"label":"K00", "x":2.25, "y":0}, {"label":"K01", "x":3.25, "y":0}, {"label":"K02", "x":4.25, "y":0}, {"label":"K03", "x":5.25, "y":0}, {"label":"K04", "x":6.25, "y":0}, {"label":"K05", "x":7.25, "y":0}, {"label":"K06", "x":8.25, "y":0}, {"label":"K07", "x":9.25, "y":0}, {"label":"K08", "x":10.25, "y":0}, {"label":"K09", "x":11.25, "y":0}, {"label":"K0A", "x":12.25, "y":0}, {"label":"K0B", "x":13.25, "y":0}, {"label":"K0C", "x":14.25, "y":0}, {"label":"K0D", "x":15.25, "y":0, "w":2}, {"label":"KA2", "x":0, "y":1}, {"label":"KA3", "x":1, "y":1}, {"label":"K10", "x":2.25, "y":1, "w":1.5}, {"label":"K11", "x":3.75, "y":1}, {"label":"K12", "x":4.75, "y":1}, {"label":"K13", "x":5.75, "y":1}, {"label":"K14", "x":6.75, "y":1}, {"label":"K15", "x":7.75, "y":1}, {"label":"K16", "x":8.75, "y":1}, {"label":"K17", "x":9.75, "y":1}, {"label":"K18", "x":10.75, "y":1}, {"label":"K19", "x":11.75, "y":1}, {"label":"K1A", "x":12.75, "y":1}, {"label":"K1B", "x":13.75, "y":1}, {"label":"K1C", "x":14.75, "y":1}, {"label":"K1D", "x":15.75, "y":1, "w":1.5}, {"label":"KA4", "x":0, "y":2}, {"label":"KA5", "x":1, "y":2}, {"label":"K20", "x":2.25, "y":2, "w":1.75}, {"label":"K21", "x":4, "y":2}, {"label":"K22", "x":5, "y":2}, {"label":"K23", "x":6, "y":2}, {"label":"K24", "x":7, "y":2}, {"label":"K25", "x":8, "y":2}, {"label":"K26", "x":9, "y":2}, {"label":"K27", "x":10, "y":2}, {"label":"K28", "x":11, "y":2}, {"label":"K29", "x":12, "y":2}, {"label":"K2A", "x":13, "y":2}, {"label":"K2B", "x":14, "y":2}, {"label":"K2C", "x":15, "y":2, "w":2.25}, {"label":"KA6", "x":0, "y":3}, {"label":"KA7", "x":1, "y":3}, {"label":"K30", "x":2.25, "y":3, "w":1.25}, {"label":"K31", "x":3.5, "y":3}, {"label":"K32", "x":4.5, "y":3}, {"label":"K33", "x":5.5, "y":3}, {"label":"K34", "x":6.5, "y":3}, {"label":"K35", "x":7.5, "y":3}, {"label":"K36", "x":8.5, "y":3}, {"label":"K37", "x":9.5, "y":3}, {"label":"K38", "x":10.5, "y":3}, {"label":"K39", "x":11.5, "y":3}, {"label":"K3A", "x":12.5, "y":3}, {"label":"K3B", "x":13.5, "y":3}, {"label":"K3C", "x":15.25, "y":3}, {"label":"K3D", "x":16.25, "y":3}, {"label":"KA8", "x":0, "y":4}, {"label":"KA9", "x":1, "y":4}, {"label":"K40", "x":2.25, "y":4, "w":1.25}, {"label":"K41", "x":3.5, "y":4, "w":1.25}, {"label":"K42", "x":4.75, "y":4, "w":1.25}, {"label":"K44", "x":6, "y":4, "w":2.25}, {"label":"K46", "x":8.25, "y":4, "w":1.25}, {"label":"K47", "x":9.5, "y":4, "w":2.75}, {"label":"K49", "x":12.25, "y":4}, {"label":"K4A", "x":13.25, "y":4}, {"label":"K4B", "x":14.25, "y":4}, {"label":"K4C", "x":15.25, "y":4}, {"label":"K4D", "x":16.25, "y":4}]
    },
    "LAYOUT_ansi": {
      "layout": [{"label":"KA0", "x":0, "y":0}, {"label":"KA1", "x":1, "y":0}, {"label":"K00", "x":2.25, "y":0}, {"label":"K01", "x":3.25, "y":0}, {"label":"K02", "x":4.25, "y":0}, {"label":"K03", "x":5.25, "y":0}, {"label":"K04", "x":6.25, "y":0}, {"label":"K05", "x":7.25, "y":0}, {"label":"K06", "x":8.25, "y":0}, {"label":"K07", "x":9.25, "y":0}, {"label":"K08", "x":10.25, "y":0}, {"label":"K09", "x":11.25, "y":0}, {"label":"K0A", "x":12.25, "y":0}, {"label":"K0B", "x":13.25, "y":0}, {"label":"K0C", "x":14.25, "y":0}, {"label":"K0D", "x":15.25, "y":0, "w":2}, {"label":"KA2", "x":0, "y":1}, {"label":"KA3", "x":1, "y":1}, {"label":"K10", "x":2.25, "y":1, "w":1.5}, {"label":"K11", "x":3.75, "y":1}, {"label":"K12", "x":4.75, "y":1}, {"label":"K13", "x":5.75, "y":1}, {"label":"K14", "x":6.75, "y":1}, {"label":"K15", "x":7.75, "y":1}, {"label":"K16", "x":8.75, "y":1}, {"label":"K17", "x":9.75, "y":1}, {"label":"K18", "x":10.75, "y":1}, {"label":"K19", "x":11.75, "y":1}, {"label":"K1A", "x":12.75, "y":1}, {"label":"K1B", "x":13.75, "y":1}, {"label":"K1C", "x":14.75, "y":1}, {"label":"K1D", "x":15.75, "y":1, "w":1.5}, {"label":"KA4", "x":0, "y":2}, {"label":"KA5", "x":1, "y":2}, {"label":"K20", "x":2.25, "y":2, "w":1.75}, {"label":"K21", "x":4, "y":2}, {"label":"K22", "x":5, "y":2}, {"label":"K23", "x":6, "y":2}, {"label":"K24", "x":7, "y":2}, {"label":"K25", "x":8, "y":2}, {"label":"K26", "x":9, "y":2}, {"label":"K27", "x":10, "y":2}, {"label":"K28", "x":11, "y":2}, {"label":"K29", "x":12, "y":2}, {"label":"K2A", "x":13, "y":2}, {"label":"K2B", "x":14, "y":2}, {"label":"K2C", "x":15, "y":2, "w":2.25}, {"label":"KA6", "x":0, "y":3}, {"label":"KA7", "x":1, "y":3}, {"label":"K30", "x":2.25, "y":3, "w":2.25}, {"label":"K32", "x":4.5, "y":3}, {"label":"K33", "x":5.5, "y":3}, {"label":"K34", "x":6.5, "y":3}, {"label":"K35", "x":7.5, "y":3}, {"label":"K36", "x":8.5, "y":3}, {"label":"K37", "x":9.5, "y":3}, {"label":"K38", "x":10.5, "y":3}, {"label":"K39", "x":11.5, "y":3}, {"label":"K3A", "x":12.5, "y":3}, {"label":"K3B", "x":13.5, "y":3}, {"label":"K3C", "x":14.5, "y":3, "w":2.75}, {"label":"KA8", "x":0, "y":4}, {"label":"KA9", "x":1, "y":4}, {"label":"K40", "x":2.25, "y":4, "w":1.25}, {"label":"K41", "x":3.5, "y":4, "w":1.25}, {"label":"K42", "x":4.75, "y":4, "w":1.25}, {"label":"K46", "x":6, "y":4, "w":6.25}, {"label":"K49", "x":12.25, "y":4, "w":1.25}, {"label":"K4A", "x":13.5, "y":4, "w":1.25}, {"label":"K4C", "x":14.75, "y":4, "w":1.25}, {"label":"K4D", "x":16, "y":4, "w":1.25}]
    },
    "LAYOUT_ansi_split": {
      "layout": [{"label":"KA0", "x":0, "y":0}, {"label":"KA1", "x":1, "y":0}, {"label":"K00", "x":2.25, "y":0}, {"label":"K01", "x":3.25, "y":0}, {"label":"K02", "x":4.25, "y":0}, {"label":"K03", "x":5.25, "y":0}, {"label":"K04", "x":6.25, "y":0}, {"label":"K05", "x":7.25, "y":0}, {"label":"K06", "x":8.25, "y":0}, {"label":"K07", "x":9.25, "y":0}, {"label":"K08", "x":10.25, "y":0}, {"label":"K09", "x":11.25, "y":0}, {"label":"K0A", "x":12.25, "y":0}, {"label":"K0B", "x":13.25, "y":0}, {"label":"K0C", "x":14.25, "y":0}, {"label":"K0D", "x":15.25, "y":0, "w":2}, {"label":"KA2", "x":0, "y":1}, {"label":"KA3", "x":1, "y":1}, {"label":"K10", "x":2.25, "y":1, "w":1.5}, {"label":"K11", "x":3.75, "y":1}, {"label":"K12", "x":4.75, "y":1}, {"label":"K13", "x":5.75, "y":1}, {"label":"K14", "x":6.75, "y":1}, {"label":"K15", "x":7.75, "y":1}, {"label":"K16", "x":8.75, "y":1}, {"label":"K17", "x":9.75, "y":1}, {"label":"K18", "x":10.75, "y":1}, {"label":"K19", "x":11.75, "y":1}, {"label":"K1A", "x":12.75, "y":1}, {"label":"K1B", "x":13.75, "y":1}, {"label":"K1C", "x":14.75, "y":1}, {"label":"K1D", "x":15.75, "y":1, "w":1.5}, {"label":"KA4", "x":0, "y":2}, {"label":"KA5", "x":1, "y":2}, {"label":"K20", "x":2.25, "y":2, "w":1.75}, {"label":"K21", "x":4, "y":2}, {"label":"K22", "x":5, "y":2}, {"label":"K23", "x":6, "y":2}, {"label":"K24", "x":7, "y":2}, {"label":"K25", "x":8, "y":2}, {"label":"K26", "x":9, "y":2}, {"label":"K27", "x":10, "y":2}, {"label":"K28", "x":11, "y":2}, {"label":"K29", "x":12, "y":2}, {"label":"K2A", "x":13, "y":2}, {"label":"K2B", "x":14, "y":2}, {"label":"K2C", "x":15, "y":2, "w":2.25}, {"label":"KA6", "x":0, "y":3}, {"label":"KA7", "x":1, "y":3}, {"label":"K30", "x":2.25, "y":3, "w":2.25}, {"label":"K32", "x":4.5, "y":3}, {"label":"K33", "x":5.5, "y":3}, {"label":"K34", "x":6.5, "y":3}, {"label":"K35", "x":7.5, "y":3}, {"label":"K36", "x":8.5, "y":3}, {"label":"K37", "x":9.5, "y":3}, {"label":"K38", "x":10.5, "y":3}, {"label":"K39", "x":11.5, "y":3}, {"label":"K3A", "x":12.5, "y":3}, {"label":"K3B", "x":13.5, "y":3}, {"label":"K3C", "x":14.5, "y":3, "w":2.75}, {"label":"KA8", "x":0, "y":4}, {"label":"KA9", "x":1, "y":4}, {"label":"K40", "x":2.25, "y":4, "w":1.25}, {"label":"K41", "x":3.5, "y":4, "w":1.25}, {"label":"K42", "x":4.75, "y":4, "w":1.25}, {"label":"K44", "x":6, "y":4, "w":2.25}, {"label":"K46", "x":8.25, "y":4, "w":1.25}, {"label":"K47", "x":9.5, "y":4, "w":2.75}, {"label":"K49", "x":12.25, "y":4, "w":1.25}, {"label":"K4A", "x":13.5, "y":4, "w":1.25}, {"label":"K4C", "x":14.75, "y":4, "w":1.25}, {"label":"K4D", "x":16, "y":4, "w":1.25}]
    },
    "LAYOUT_ansi_arrows": {
      "layout": [{"label":"KA0", "x":0, "y":0}, {"label":"KA1", "x":1, "y":0}, {"label":"K00", "x":2.25, "y":0}, {"label":"K01", "x":3.25, "y":0}, {"label":"K02", "x":4.25, "y":0}, {"label":"K03", "x":5.25, "y":0}, {"label":"K04", "x":6.25, "y":0}, {"label":"K05", "x":7.25, "y":0}, {"label":"K06", "x":8.25, "y":0}, {"label":"K07", "x":9.25, "y":0}, {"label":"K08", "x":10.25, "y":0}, {"label":"K09", "x":11.25, "y":0}, {"label":"K0A", "x":12.25, "y":0}, {"label":"K0B", "x":13.25, "y":0}, {"label":"K0C", "x":14.25, "y":0}, {"label":"K0D", "x":15.25, "y":0, "w":2}, {"label":"KA2", "x":0, "y":1}, {"label":"KA3", "x":1, "y":1}, {"label":"K10", "x":2.25, "y":1, "w":1.5}, {"label":"K11", "x":3.75, "y":1}, {"label":"K12", "x":4.75, "y":1}, {"label":"K13", "x":5.75, "y":1}, {"label":"K14", "x":6.75, "y":1}, {"label":"K15", "x":7.75, "y":1}, {"label":"K16", "x":8.75, "y":1}, {"label":"K17", "x":9.75, "y":1}, {"label":"K18", "x":10.75, "y":1}, {"label":"K19", "x":11.75, "y":1}, {"label":"K1A", "x":12.75, "y":1}, {"label":"K1B", "x":13.75, "y":1}, {"label":"K1C", "x":14.75, "y":1}, {"label":"K1D", "x":15.75, "y":1, "w":1.5}, {"label":"KA4", "x":0, "y":2}, {"label":"KA5", "x":1, "y":2}, {"label":"K20", "x":2.25, "y":2, "w":1.75}, {"label":"K21", "x":4, "y":2}, {"label":"K22", "x":5, "y":2}, {"label":"K23", "x":6, "y":2}, {"label":"K24", "x":7, "y":2}, {"label":"K25", "x":8, "y":2}, {"label":"K26", "x":9, "y":2}, {"label":"K27", "x":10, "y":2}, {"label":"K28", "x":11, "y":2}, {"label":"K29", "x":12, "y":2}, {"label":"K2A", "x":13, "y":2}, {"label":"K2B", "x":14, "y":2}, {"label":"K2C", "x":15, "y":2, "w":2.25}, {"label":"KA6", "x":0, "y":3}, {"label":"KA7", "x":1, "y":3}, {"label":"K30", "x":2.25, "y":3, "w":2.25}, {"label":"K32", "x":4.5, "y":3}, {"label":"K33", "x":5.5, "y":3}, {"label":"K34", "x":6.5, "y":3}, {"label":"K35", "x":7.5, "y":3}, {"label":"K36", "x":8.5, "y":3}, {"label":"K37", "x":9.5, "y":3}, {"label":"K38", "x":10.5, "y":3}, {"label":"K39", "x":11.5, "y":3}, {"label":"K3A", "x":12.5, "y":3}, {"label":"K3B", "x":13.5, "y":3}, {"label":"K3C", "x":15.25, "y":3}, {"label":"K3D", "x":16.25, "y":3}, {"label":"KA8", "x":0, "y":4}, {"label":"KA9", "x":1, "y":4}, {"label":"K40", "x":2.25, "y":4, "w":1.25}, {"label":"K41", "x":3.5, "y":4, "w":1.25}, {"label":"K42", "x":4.75, "y":4, "w":1.25}, {"label":"K46", "x":6, "y":4, "w":6.25}, {"label":"K49", "x":12.25, "y":4}, {"label":"K4A", "x":13.25, "y":4}, {"label":"K4B", "x":14.25, "y":4}, {"label":"K4C", "x":15.25, "y":4}, {"label":"K4D", "x":16.25, "y":4}]
    },
    "LAYOUT_ansi_split_arrows": {
      "layout": [{"label":"KA0", "x":0, "y":0}, {"label":"KA1", "x":1, "y":0}, {"label":"K00", "x":2.25, "y":0}, {"label":"K01", "x":3.25, "y":0}, {"label":"K02", "x":4.25, "y":0}, {"label":"K03", "x":5.25, "y":0}, {"label":"K04", "x":6.25, "y":0}, {"label":"K05", "x":7.25, "y":0}, {"label":"K06", "x":8.25, "y":0}, {"label":"K07", "x":9.25, "y":0}, {"label":"K08", "x":10.25, "y":0}, {"label":"K09", "x":11.25, "y":0}, {"label":"K0A", "x":12.25, "y":0}, {"label":"K0B", "x":13.25, "y":0}, {"label":"K0C", "x":14.25, "y":0}, {"label":"K0D", "x":15.25, "y":0, "w":2}, {"label":"KA2", "x":0, "y":1}, {"label":"KA3", "x":1, "y":1}, {"label":"K10", "x":2.25, "y":1, "w":1.5}, {"label":"K11", "x":3.75, "y":1}, {"label":"K12", "x":4.75, "y":1}, {"label":"K13", "x":5.75, "y":1}, {"label":"K14", "x":6.75, "y":1}, {"label":"K15", "x":7.75, "y":1}, {"label":"K16", "x":8.75, "y":1}, {"label":"K17", "x":9.75, "y":1}, {"label":"K18", "x":10.75, "y":1}, {"label":"K19", "x":11.75, "y":1}, {"label":"K1A", "x":12.75, "y":1}, {"label":"K1B", "x":13.75, "y":1}, {"label":"K1C", "x":14.75, "y":1}, {"label":"K1D", "x":15.75, "y":1, "w":1.5}, {"label":"KA4", "x":0, "y":2}, {"label":"KA5", "x":1, "y":2}, {"label":"K20", "x":2.25, "y":2, "w":1.75}, {"label":"K21", "x":4, "y":2}, {"label":"K22", "x":5, "y":2}, {"label":"K23", "x":6, "y":2}, {"label":"K24", "x":7, "y":2}, {"label":"K25", "x":8, "y":2}, {"label":"K26", "x":9, "y":2}, {"label":"K27", "x":10, "y":2}, {"label":"K28", "x":11, "y":2}, {"label":"K29", "x":12, "y":2}, {"label":"K2A", "x":13, "y":2}, {"label":"K2B", "x":14, "y":2}, {"label":"K2C", "x":15, "y":2, "w":2.25}, {"label":"KA6", "x":0, "y":3}, {"label":"KA7", "x":1, "y":3}, {"label":"K30", "x":2.25, "y":3, "w":2.25}, {"label":"K32", "x":4.5, "y":3}, {"label":"K33", "x":5.5, "y":3}, {"label":"K34", "x":6.5, "y":3}, {"label":"K35", "x":7.5, "y":3}, {"label":"K36", "x":8.5, "y":3}, {"label":"K37", "x":9.5, "y":3}, {"label":"K38", "x":10.5, "y":3}, {"label":"K39", "x":11.5, "y":3}, {"label":"K3A", "x":12.5, "y":3}, {"label":"K3B", "x":13.5, "y":3}, {"label":"K3C", "x":15.25, "y":3}, {"label":"K3D", "x":16.25, "y":3}, {"label":"KA8", "x":0, "y":4}, {"label":"KA9", "x":1, "y":4}, {"label":"K40", "x":2.25, "y":4, "w":1.25}, {"label":"K41", "x":3.5, "y":4, "w":1.25}, {"label":"K42", "x":4.75, "y":4, "w":1.25}, {"label":"K44", "x":6, "y":4, "w":2.25}, {"label":"K46", "x":8.25, "y":4, "w":1.25}, {"label":"K47", "x":9.5, "y":4, "w":2.75}, {"label":"K49", "x":12.25, "y":4}, {"label":"K4A", "x":13.25, "y":4}, {"label":"K4B", "x":14.25, "y":4}, {"label":"K4C", "x":15.25, "y":4}, {"label":"K4D", "x":16.25, "y":4}]
    },
    "LAYOUT_iso": {
      "layout": [{"label":"KA0", "x":0, "y":0}, {"label":"KA1", "x":1, "y":0}, {"label":"K00", "x":2.25, "y":0}, {"label":"K01", "x":3.25, "y":0}, {"label":"K02", "x":4.25, "y":0}, {"label":"K03", "x":5.25, "y":0}, {"label":"K04", "x":6.25, "y":0}, {"label":"K05", "x":7.25, "y":0}, {"label":"K06", "x":8.25, "y":0}, {"label":"K07", "x":9.25, "y":0}, {"label":"K08", "x":10.25, "y":0}, {"label":"K09", "x":11.25, "y":0}, {"label":"K0A", "x":12.25, "y":0}, {"label":"K0B", "x":13.25, "y":0}, {"label":"K0C", "x":14.25, "y":0}, {"label":"K0D", "x":15.25, "y":0, "w":2}, {"label":"KA2", "x":0, "y":1}, {"label":"KA3", "x":1, "y":1}, {"label":"K10", "x":2.25, "y":1, "w":1.5}, {"label":"K11", "x":3.75, "y":1}, {"label":"K12", "x":4.75, "y":1}, {"label":"K13", "x":5.75, "y":1}, {"label":"K14", "x":6.75, "y":1}, {"label":"K15", "x":7.75, "y":1}, {"label":"K16", "x":8.75, "y":1}, {"label":"K17", "x":9.75, "y":1}, {"label":"K18", "x":10.75, "y":1}, {"label":"K19", "x":11.75, "y":1}, {"label":"K1A", "x":12.75, "y":1}, {"label":"K1B", "x":13.75, "y":1}, {"label":"K1C", "x":14.75, "y":1}, {"label":"K1D", "x":16, "y":1, "w":1.25, "h":2}, {"label":"KA4", "x":0, "y":2}, {"label":"KA5", "x":1, "y":2}, {"label":"K20", "x":2.25, "y":2, "w":1.75}, {"label":"K21", "x":4, "y":2}, {"label":"K22", "x":5, "y":2}, {"label":"K23", "x":6, "y":2}, {"label":"K24", "x":7, "y":2}, {"label":"K25", "x":8, "y":2}, {"label":"K26", "x":9, "y":2}, {"label":"K27", "x":10, "y":2}, {"label":"K28", "x":11, "y":2}, {"label":"K29", "x":12, "y":2}, {"label":"K2A", "x":13, "y":2}, {"label":"K2B", "x":14, "y":2}, {"label":"K2C", "x":15, "y":2}, {"label":"KA6", "x":0, "y":3}, {"label":"KA7", "x":1, "y":3}, {"label":"K30", "x":2.25, "y":3, "w":1.25}, {"label":"K31", "x":3.5, "y":3}, {"label":"K32", "x":4.5, "y":3}, {"label":"K33", "x":5.5, "y":3}, {"label":"K34", "x":6.5, "y":3}, {"label":"K35", "x":7.5, "y":3}, {"label":"K36", "x":8.5, "y":3}, {"label":"K37", "x":9.5, "y":3}, {"label":"K38", "x":10.5, "y":3}, {"label":"K39", "x":11.5, "y":3}, {"label":"K3A", "x":12.5, "y":3}, {"label":"K3B", "x":13.5, "y":3}, {"label":"K3C", "x":14.5, "y":3, "w":2.75}, {"label":"KA8", "x":0, "y":4}, {"label":"KA9", "x":1, "y":4}, {"label":"K40", "x":2.25, "y":4, "w":1.25}, {"label":"K41", "x":3.5, "y":4, "w":1.25}, {"label":"K42", "x":4.75, "y":4, "w":1.25}, {"label":"K46", "x":6, "y":4, "w":6.25}, {"label":"K49", "x":12.25, "y":4, "w":1.25}, {"label":"K4A", "x":13.5, "y":4, "w":1.25}, {"label":"K4C", "x":14.75, "y":4, "w":1.25}, {"label":"K4D", "x":16, "y":4, "w":1.25}]
    },
    "LAYOUT_iso_split": {
      "layout": [{"label":"KA0", "x":0, "y":0}, {"label":"KA1", "x":1, "y":0}, {"label":"K00", "x":2.25, "y":0}, {"label":"K01", "x":3.25, "y":0}, {"label":"K02", "x":4.25, "y":0}, {"label":"K03", "x":5.25, "y":0}, {"label":"K04", "x":6.25, "y":0}, {"label":"K05", "x":7.25, "y":0}, {"label":"K06", "x":8.25, "y":0}, {"label":"K07", "x":9.25, "y":0}, {"label":"K08", "x":10.25, "y":0}, {"label":"K09", "x":11.25, "y":0}, {"label":"K0A", "x":12.25, "y":0}, {"label":"K0B", "x":13.25, "y":0}, {"label":"K0C", "x":14.25, "y":0}, {"label":"K0D", "x":15.25, "y":0, "w":2}, {"label":"KA2", "x":0, "y":1}, {"label":"KA3", "x":1, "y":1}, {"label":"K10", "x":2.25, "y":1, "w":1.5}, {"label":"K11", "x":3.75, "y":1}, {"label":"K12", "x":4.75, "y":1}, {"label":"K13", "x":5.75, "y":1}, {"label":"K14", "x":6.75, "y":1}, {"label":"K15", "x":7.75, "y":1}, {"label":"K16", "x":8.75, "y":1}, {"label":"K17", "x":9.75, "y":1}, {"label":"K18", "x":10.75, "y":1}, {"label":"K19", "x":11.75, "y":1}, {"label":"K1A", "x":12.75, "y":1}, {"label":"K1B", "x":13.75, "y":1}, {"label":"K1C", "x":14.75, "y":1}, {"label":"K1D", "x":16, "y":1, "w":1.25, "h":2}, {"label":"KA4", "x":0, "y":2}, {"label":"KA5", "x":1, "y":2}, {"label":"K20", "x":2.25, "y":2, "w":1.75}, {"label":"K21", "x":4, "y":2}, {"label":"K22", "x":5, "y":2}, {"label":"K23", "x":6, "y":2}, {"label":"K24", "x":7, "y":2}, {"label":"K25", "x":8, "y":2}, {"label":"K26", "x":9, "y":2}, {"label":"K27", "x":10, "y":2}, {"label":"K28", "x":11, "y":2}, {"label":"K29", "x":12, "y":2}, {"label":"K2A", "x":13, "y":2}, {"label":"K2B", "x":14, "y":2}, {"label":"K2C", "x":15, "y":2}, {"label":"KA6", "x":0, "y":3}, {"label":"KA7", "x":1, "y":3}, {"label":"K30", "x":2.25, "y":3, "w":1.25}, {"label":"K31", "x":3.5, "y":3}, {"label":"K32", "x":4.5, "y":3}, {"label":"K33", "x":5.5, "y":3}, {"label":"K34", "x":6.5, "y":3}, {"label":"K35", "x":7.5, "y":3}, {"label":"K36", "x":8.5, "y":3}, {"label":"K37", "x":9.5, "y":3}, {"label":"K38", "x":10.5, "y":3}, {"label":"K39", "x":11.5, "y":3}, {"label":"K3A", "x":12.5, "y":3}, {"label":"K3B", "x":13.5, "y":3}, {"label":"K3C", "x":14.5, "y":3, "w":2.75}, {"label":"KA8", "x":0, "y":4}, {"label":"KA9", "x":1, "y":4}, {"label":"K40", "x":2.25, "y":4, "w":1.25}, {"label":"K41", "x":3.5, "y":4, "w":1.25}, {"label":"K42", "x":4.75, "y":4, "w":1.25}, {"label":"K44", "x":6, "y":4, "w":2.25}, {"label":"K46", "x":8.25, "y":4, "w":1.25}, {"label":"K47", "x":9.5, "y":4, "w":2.75}, {"label":"K49", "x":12.25, "y":4, "w":1.25}, {"label":"K4A", "x":13.5, "y":4, "w":1.25}, {"label":"K4C", "x":14.75, "y":4, "w":1.25}, {"label":"K4D", "x":16, "y":4, "w":1.25}]
    },
    "LAYOUT_iso_arrows": {
      "layout": [{"label":"KA0", "x":0, "y":0}, {"label":"KA1", "x":1, "y":0}, {"label":"K00", "x":2.25, "y":0}, {"label":"K01", "x":3.25, "y":0}, {"label":"K02", "x":4.25, "y":0}, {"label":"K03", "x":5.25, "y":0}, {"label":"K04", "x":6.25, "y":0}, {"label":"K05", "x":7.25, "y":0}, {"label":"K06", "x":8.25, "y":0}, {"label":"K07", "x":9.25, "y":0}, {"label":"K08", "x":10.25, "y":0}, {"label":"K09", "x":11.25, "y":0}, {"label":"K0A", "x":12.25, "y":0}, {"label":"K0B", "x":13.25, "y":0}, {"label":"K0C", "x":14.25, "y":0}, {"label":"K0D", "x":15.25, "y":0, "w":2}, {"label":"KA2", "x":0, "y":1}, {"label":"KA3", "x":1, "y":1}, {"label":"K10", "x":2.25, "y":1, "w":1.5}, {"label":"K11", "x":3.75, "y":1}, {"label":"K12", "x":4.75, "y":1}, {"label":"K13", "x":5.75, "y":1}, {"label":"K14", "x":6.75, "y":1}, {"label":"K15", "x":7.75, "y":1}, {"label":"K16", "x":8.75, "y":1}, {"label":"K17", "x":9.75, "y":1}, {"label":"K18", "x":10.75, "y":1}, {"label":"K19", "x":11.75, "y":1}, {"label":"K1A", "x":12.75, "y":1}, {"label":"K1B", "x":13.75, "y":1}, {"label":"K1C", "x":14.75, "y":1}, {"label":"K1D", "x":16, "y":1, "w":1.25, "h":2}, {"label":"KA4", "x":0, "y":2}, {"label":"KA5", "x":1, "y":2}, {"label":"K20", "x":2.25, "y":2, "w":1.75}, {"label":"K21", "x":4, "y":2}, {"label":"K22", "x":5, "y":2}, {"label":"K23", "x":6, "y":2}, {"label":"K24", "x":7, "y":2}, {"label":"K25", "x":8, "y":2}, {"label":"K26", "x":9, "y":2}, {"label":"K27", "x":10, "y":2}, {"label":"K28", "x":11, "y":2}, {"label":"K29", "x":12, "y":2}, {"label":"K2A", "x":13, "y":2}, {"label":"K2B", "x":14, "y":2}, {"label":"K2C", "x":15, "y":2}, {"label":"KA6", "x":0, "y":3}, {"label":"KA7", "x":1, "y":3}, {"label":"K30", "x":2.25, "y":3, "w":1.25}, {"label":"K31", "x":3.5, "y":3}, {"label":"K32", "x":4.5, "y":3}, {"label":"K33", "x":5.5, "y":3}, {"label":"K34", "x":6.5, "y":3}, {"label":"K35", "x":7.5, "y":3}, {"label":"K36", "x":8.5, "y":3}, {"label":"K37", "x":9.5, "y":3}, {"label":"K38", "x":10.5, "y":3}, {"label":"K39", "x":11.5, "y":3}, {"label":"K3A", "x":12.5, "y":3}, {"label":"K3B", "x":13.5, "y":3}, {"label":"K3C", "x":15.25, "y":3}, {"label":"K3D", "x":16.25, "y":3}, {"label":"KA8", "x":0, "y":4}, {"label":"KA9", "x":1, "y":4}, {"label":"K40", "x":2.25, "y":4, "w":1.25}, {"label":"K41", "x":3.5, "y":4, "w":1.25}, {"label":"K42", "x":4.75, "y":4, "w":1.25}, {"label":"K46", "x":6, "y":4, "w":6.25}, {"label":"K49", "x":12.25, "y":4}, {"label":"K4A", "x":13.25, "y":4}, {"label":"K4B", "x":14.25, "y":4}, {"label":"K4C", "x":15.25, "y":4}, {"label":"K4D", "x":16.25, "y":4}]
    },
    "LAYOUT_iso_split_arrows": {
      "layout": [{"label":"KA0", "x":0, "y":0}, {"label":"KA1", "x":1, "y":0}, {"label":"K00", "x":2.25, "y":0}, {"label":"K01", "x":3.25, "y":0}, {"label":"K02", "x":4.25, "y":0}, {"label":"K03", "x":5.25, "y":0}, {"label":"K04", "x":6.25, "y":0}, {"label":"K05", "x":7.25, "y":0}, {"label":"K06", "x":8.25, "y":0}, {"label":"K07", "x":9.25, "y":0}, {"label":"K08", "x":10.25, "y":0}, {"label":"K09", "x":11.25, "y":0}, {"label":"K0A", "x":12.25, "y":0}, {"label":"K0B", "x":13.25, "y":0}, {"label":"K0C", "x":14.25, "y":0}, {"label":"K0D", "x":15.25, "y":0, "w":2}, {"label":"KA2", "x":0, "y":1}, {"label":"KA3", "x":1, "y":1}, {"label":"K10", "x":2.25, "y":1, "w":1.5}, {"label":"K11", "x":3.75, "y":1}, {"label":"K12", "x":4.75, "y":1}, {"label":"K13", "x":5.75, "y":1}, {"label":"K14", "x":6.75, "y":1}, {"label":"K15", "x":7.75, "y":1}, {"label":"K16", "x":8.75, "y":1}, {"label":"K17", "x":9.75, "y":1}, {"label":"K18", "x":10.75, "y":1}, {"label":"K19", "x":11.75, "y":1}, {"label":"K1A", "x":12.75, "y":1}, {"label":"K1B", "x":13.75, "y":1}, {"label":"K1C", "x":14.75, "y":1}, {"label":"K1D", "x":16, "y":1, "w":1.25, "h":2}, {"label":"KA4", "x":0, "y":2}, {"label":"KA5", "x":1, "y":2}, {"label":"K20", "x":2.25, "y":2, "w":1.75}, {"label":"K21", "x":4, "y":2}, {"label":"K22", "x":5, "y":2}, {"label":"K23", "x":6, "y":2}, {"label":"K24", "x":7, "y":2}, {"label":"K25", "x":8, "y":2}, {"label":"K26", "x":9, "y":2}, {"label":"K27", "x":10, "y":2}, {"label":"K28", "x":11, "y":2}, {"label":"K29", "x":12, "y":2}, {"label":"K2A", "x":13, "y":2}, {"label":"K2B", "x":14, "y":2}, {"label":"K2C", "x":15, "y":2}, {"label":"KA6", "x":0, "y":3}, {"label":"KA7", "x":1, "y":3}, {"label":"K30", "x":2.25, "y":3, "w":1.25}, {"label":"K31", "x":3.5, "y":3}, {"label":"K32", "x":4.5, "y":3}, {"label":"K33", "x":5.5, "y":3}, {"label":"K34", "x":6.5, "y":3}, {"label":"K35", "x":7.5, "y":3}, {"label":"K36", "x":8.5, "y":3}, {"label":"K37", "x":9.5, "y":3}, {"label":"K38", "x":10.5, "y":3}, {"label":"K39", "x":11.5, "y":3}, {"label":"K3A", "x":12.5, "y":3}, {"label":"K3B", "x":13.5, "y":3}, {"label":"K3C", "x":15.25, "y":3}, {"label":"K3D", "x":16.25, "y":3}, {"label":"KA8", "x":0, "y":4}, {"label":"KA9", "x":1, "y":4}, {"label":"K40", "x":2.25, "y":4, "w":1.25}, {"label":"K41", "x":3.5, "y":4, "w":1.25}, {"label":"K42", "x":4.75, "y":4, "w":1.25}, {"label":"K44", "x":6, "y":4, "w":2.25}, {"label":"K46", "x":8.25, "y":4, "w":1.25}, {"label":"K47", "x":9.5, "y":4, "w":2.75}, {"label":"K49", "x":12.25, "y":4}, {"label":"K4A", "x":13.25, "y":4}, {"label":"K4B", "x":14.25, "y":4}, {"label":"K4C", "x":15.25, "y":4}, {"label":"K4D", "x":16.25, "y":4}]
    }
  }
}
