{
  "keyboard_name": "Contra",
  "url": "",
  "maintainer": "qmk",
  "layouts": {
    "LAYOUT_ortho_4x12": {
      "layout": [{"label":"Tab", "x":0, "y":0}, {"label":"Q", "x":1, "y":0}, {"label":"W", "x":2, "y":0}, {"label":"E", "x":3, "y":0}, {"label":"R", "x":4, "y":0}, {"label":"T", "x":5, "y":0}, {"label":"Y", "x":6, "y":0}, {"label":"U", "x":7, "y":0}, {"label":"I", "x":8, "y":0}, {"label":"O", "x":9, "y":0}, {"label":"P", "x":10, "y":0}, {"label":"Back Space", "x":11, "y":0}, {"label":"Esc", "x":0, "y":1}, {"label":"A", "x":1, "y":1}, {"label":"S", "x":2, "y":1}, {"label":"D", "x":3, "y":1}, {"label":"F", "x":4, "y":1}, {"label":"G", "x":5, "y":1}, {"label":"H", "x":6, "y":1}, {"label":"J", "x":7, "y":1}, {"label":"K", "x":8, "y":1}, {"label":"L", "x":9, "y":1}, {"label":";", "x":10, "y":1}, {"label":"'", "x":11, "y":1}, {"label":"Shift", "x":0, "y":2}, {"label":"Z", "x":1, "y":2}, {"label":"X", "x":2, "y":2}, {"label":"C", "x":3, "y":2}, {"label":"V", "x":4, "y":2}, {"label":"B", "x":5, "y":2}, {"label":"N", "x":6, "y":2}, {"label":"M", "x":7, "y":2}, {"label":",", "x":8, "y":2}, {"label":".", "x":9, "y":2}, {"label":"/", "x":10, "y":2}, {"label":"Return", "x":11, "y":2}, {"x":0, "y":3}, {"label":"Ctrl", "x":1, "y":3}, {"label":"Alt", "x":2, "y":3}, {"label":"Super", "x":3, "y":3}, {"label":"&dArr;", "x":4, "y":3}, {"x":5, "y":3}, {"x":6, "y":3}, {"label":"&uArr;", "x":7, "y":3}, {"label":"&larr;", "x":8, "y":3}, {"label":"&darr;", "x":9, "y":3}, {"label":"&uarr;", "x":10, "y":3}, {"label":"&rarr;", "x":11, "y":3}]
    },

    "LAYOUT_planck_mit": {
      "layout": [{"label":"Tab", "x":0, "y":0}, {"label":"Q", "x":1, "y":0}, {"label":"W", "x":2, "y":0}, {"label":"E", "x":3, "y":0}, {"label":"R", "x":4, "y":0}, {"label":"T", "x":5, "y":0}, {"label":"Y", "x":6, "y":0}, {"label":"U", "x":7, "y":0}, {"label":"I", "x":8, "y":0}, {"label":"O", "x":9, "y":0}, {"label":"P", "x":10, "y":0}, {"label":"Back Space", "x":11, "y":0}, {"label":"Esc", "x":0, "y":1}, {"label":"A", "x":1, "y":1}, {"label":"S", "x":2, "y":1}, {"label":"D", "x":3, "y":1}, {"label":"F", "x":4, "y":1}, {"label":"G", "x":5, "y":1}, {"label":"H", "x":6, "y":1}, {"label":"J", "x":7, "y":1}, {"label":"K", "x":8, "y":1}, {"label":"L", "x":9, "y":1}, {"label":";", "x":10, "y":1}, {"label":"'", "x":11, "y":1}, {"label":"Shift", "x":0, "y":2}, {"label":"Z", "x":1, "y":2}, {"label":"X", "x":2, "y":2}, {"label":"C", "x":3, "y":2}, {"label":"V", "x":4, "y":2}, {"label":"B", "x":5, "y":2}, {"label":"N", "x":6, "y":2}, {"label":"M", "x":7, "y":2}, {"label":",", "x":8, "y":2}, {"label":".", "x":9, "y":2}, {"label":"/", "x":10, "y":2}, {"label":"Return", "x":11, "y":2}, {"x":0, "y":3}, {"label":"Ctrl", "x":1, "y":3}, {"label":"Alt", "x":2, "y":3}, {"label":"Super", "x":3, "y":3}, {"label":"&dArr;", "x":4, "y":3}, {"x":5, "y":3, "w":2}, {"label":"&uArr;", "x":7, "y":3}, {"label":"&larr;", "x":8, "y":3}, {"label":"&darr;", "x":9, "y":3}, {"label":"&uarr;", "x":10, "y":3}, {"label":"&rarr;", "x":11, "y":3}]
    }
  }
}
